stimulus_mode,n,pass_rate,score_median,score_iqr,atp_on_median,onoff_median,tau_median,leak_median
LIGHT,346,0.9017341040462428,36.951597506554684,3.400413528056241,0.346067158692887,1.1608346901103634,20.75246979672454,0.839156698171557
NADH,324,0.5679012345679012,35.649108140392265,3.282812983245911,0.30181631189834307,1.0606552403209584,21.123291537805756,0.8335591025830438
NONE,130,0.9307692307692308,35.405879030512715,3.002801359828787,0.2894178811980481,1.0136502925963937,21.452593216089284,0.8379609695335686
